{
    "autoAdd": {
        "status": true,
        "message": "Why bro? @!",
        "reply": true
    },
    "autoJoin": {
        "status": true,
        "message": "kntl",
        "reply": false,
        "ticket": true
    },
    "autoJoinbypass": true,
    "autoJoinJs": true,
    "members": 500,
    "groupjoin": 150,
    "namegrup": "lpm",
    "autoRead": false,
    "autoRespond": {
        "status": false,
        "message": "hello @!"
    },
    "autoRespondMention": {
        "status": false,
        "message": "already deactive"
    },
    "Addimage": false,
    "runtime": 1584023403.734488,
    "receivercount": 3827731,
    "sendcount": 1991738,
    "silent": [],
    "protectkick": [],
    "protectinvite": [],
    "protectjoin": [],
    "protectcancel": [],
    "protectqr": [],
    "whitelist": [],
    "blacklist": [],
    "owner": [
        "u9b6db671badc05e225fd489e0a72a3e3"
    ],
    "admin": [
        "u9b6db671badc05e225fd489e0a72a3e3"
    ],
    "changeinvites": "sini",
    "changekickr": "sana",
    "changebypass": ".Bubar",
    "changetagall": ".pantek",
    "selfbackup": [],
    "livetime": [],
    "liveview": [],
    "Img": {},
    "changeGroupPicture": [],
    "wordban": [],
    "changePictureProfile": false,
    "changeCoverProfile": false,
    "checkContact": false,
    "checkPost": false,
    "checkSticker": false,
    "defaultReplyReader": "Hello @!, come here join to chat",
    "greet": {
        "join": {
            "status": false,
            "message": "Welcome asw @!"
        },
        "leave": {
            "status": false,
            "message": "Yah kok leave asw @!"
        }
    },
    "myProfile": {
        "coverId": "c0000000000000000000000000000001",
        "displayName": "Fakyu5",
        "pictureStatus": "0hjsDnNGv9NVx5FxzBsshKC0VSOzEOOTMUASJ7O1RFOW8Hd3ALTHQuMw4TbWkBJ3oJQHFzOwhDbWtc",
        "statusMessage": ""
    },
    "ajsProfile": {
        "coverId": "c0000000000000000000000000000001",
        "displayName": "jkk",
        "pictureStatus": "0hbMBVgDuFPWJ_LxTWLj5CNUNqMw8IATsqB0wiA19_MAdaFnphEUwhBlh8NFAHTHw3QxlyAg57Z1ZR",
        "statusMessage": ""
    },
    "mimic": {
        "status": false,
        "target": {}
    },
    "restartPoint": null,
    "selfbot": true,
    "setKey": {
        "status": true,
        "key": "!"
    },
    "copyright": "If you respect the author please don't remove this copyright\n\u00a9 2018 Hello World",
    "author_lineid": "You can add the author by line id, https://line.me/ti/p/~zero-cool404",
    "changevp": false,
    "changeProfileVideo": false,
    "updateProfile": false,
    "autolike": false,
    "getpost": false,
    "invitekontak": false,
    "autokomen": false,
    "checkalbum": false,
    "detectlive": false,
    "detectTemplate": false,
    "unsendMessage": false,
    "detectspam": false,
    "mentionkick": false,
    "getposttl": false,
    "responcall": false,
    "detectflex": false,
    "detectflextext": false,
    "detectimage": false,
    "detectlocation": false,
    "detectvideo": false,
    "detectkick": false,
    "autoLike": false
}